Episode,Snake ID,Score,Steps,Epsilon,Loss
0,2288748534944,0,53,1.0,0
1,2288748534944,0,35,0.995,3.123169422149658
2,2288748534944,0,91,0.990025,6.046929836273193
